uid,agent,kind,team,target,detail,priority,status,unit,opened_tick,first_started_tick,closed_tick,duration,preemptions
0,TRAFFIC,incident,Traffic authority,Riverside,clear accident in Riverside,2,closed,TR-1,1,1,3,2,0
1,EMERGENCY,incident,Emergency responders,Riverside,accident in Riverside -> Police,1,closed,EM-1,1,1,3,2,0
2,TRAFFIC,incident,Traffic authority,South,clear accident in South,2,closed,TR-2,2,2,4,2,0
3,EMERGENCY,incident,Emergency responders,South,accident in South -> Police,1,closed,EM-1,2,3,5,2,0
4,EMERGENCY,incident,Emergency responders,West,fire in West -> Fire service,1,closed,EM-1,2,5,7,2,0
5,TRAFFIC,action,Traffic authority,West,emergency corridor to West,2,closed,TR-1,3,3,4,1,0
6,EMERGENCY,incident,Emergency responders,Central,smoke reported in Central -> Fire service,3,closed,EM-1,3,13,21,2,1
7,TRAFFIC,action,Traffic authority,Central,emergency corridor to Central,2,closed,TR-1,4,4,5,1,0
8,EMERGENCY,incident,Emergency responders,South,fire in South -> Fire service,1,closed,EM-1,4,7,9,2,0
9,EMERGENCY,incident,Emergency responders,West,smoke reported in West -> Fire service,3,queued,,4,,,2,0
10,TRAFFIC,action,Traffic authority,South,emergency corridor to South,2,closed,TR-1,5,5,6,1,0
11,TRAFFIC,action,Traffic authority,West,emergency corridor to West,2,closed,TR-2,5,5,6,1,0
12,TRAFFIC,action,Traffic authority,West,"signal timing +12s, reroute in West",3,closed,TR-2,5,6,7,1,0
13,WASTE,work_order,Waste-collection team,route,collect: Central -> Riverside -> South,4,closed,WS-1,5,5,7,2,0
14,TRAFFIC,incident,Traffic authority,Central,clear accident in Central,2,closed,TR-1,6,6,8,2,0
15,EMERGENCY,incident,Emergency responders,Central,accident in Central -> Police,1,closed,EM-1,6,9,11,2,0
16,TRAFFIC,incident,Traffic authority,South,clear accident in South,2,closed,TR-2,7,7,9,2,0
17,WASTE,work_order,Waste-collection team,route,collect: East,4,closed,WS-1,7,7,9,2,0
18,ENERGY,action,Facilities / energy desk,South,energy-saving in South (~68.2 kWh),3,closed,EN-1,7,7,9,2,0
19,EMERGENCY,incident,Emergency responders,South,accident in South -> Police,1,closed,EM-1,7,11,13,2,0
20,TRAFFIC,incident,Traffic authority,Central,clear accident in Central,2,closed,TR-1,9,9,11,2,0
21,TRAFFIC,action,Traffic authority,West,"signal timing +12s, reroute in West",3,closed,TR-2,9,9,10,1,0
22,TRAFFIC,action,Traffic authority,Riverside,"signal timing +12s, reroute in Riverside",3,closed,TR-2,10,10,11,1,0
23,WASTE,work_order,Waste-collection team,route,collect: West -> North,4,closed,WS-1,10,10,12,2,0
24,WATER,work_order,Maintenance crew,South,leak repair in South,2,closed,MT-1,10,10,13,3,0
25,TRAFFIC,action,Traffic authority,East,"signal timing +12s, reroute in East",3,closed,TR-1,11,11,12,1,0
26,TRAFFIC,action,Traffic authority,Central,"signal timing +12s, reroute in Central",3,closed,TR-1,13,13,14,1,0
27,TRAFFIC,incident,Traffic authority,Central,clear accident in Central,2,closed,TR-1,14,14,16,2,0
28,ENERGY,action,Facilities / energy desk,Riverside,energy-saving in Riverside (~61.9 kWh),3,closed,EN-1,14,14,16,2,0
29,EMERGENCY,incident,Emergency responders,Central,accident in Central -> Police,1,closed,EM-1,14,14,16,2,0
30,EMERGENCY,incident,Emergency responders,East,smoke reported in East -> Fire service,3,queued,,14,,,2,0
31,TRAFFIC,action,Traffic authority,East,emergency corridor to East,2,closed,TR-2,15,15,16,1,0
32,TRAFFIC,incident,Traffic authority,South,clear accident in South,2,closed,TR-1,15,16,18,2,0
33,EMERGENCY,incident,Emergency responders,South,accident in South -> Police,1,closed,EM-1,15,16,18,2,0
34,TRAFFIC,action,Traffic authority,Central,"signal timing +12s, reroute in Central",3,closed,TR-2,16,16,17,1,0
35,TRAFFIC,action,Traffic authority,Riverside,"signal timing +12s, reroute in Riverside",3,closed,TR-2,16,17,18,1,0
36,WASTE,work_order,Waste-collection team,route,collect: Central,4,closed,WS-1,16,16,17,1,0
37,ENERGY,action,Facilities / energy desk,North,energy-saving in North (~74.6 kWh),3,closed,EN-1,16,16,18,2,0
38,TRAFFIC,action,Traffic authority,East,"signal timing +12s, reroute in East",3,closed,TR-1,17,18,19,1,0
39,WATER,work_order,Maintenance crew,South,leak repair in South,2,closed,MT-1,17,17,20,3,0
40,WASTE,work_order,Waste-collection team,route,collect: Riverside,4,closed,WS-1,18,18,20,2,0
41,EMERGENCY,incident,Emergency responders,South,fire in South -> Fire service,1,closed,EM-1,18,18,20,2,0
42,TRAFFIC,action,Traffic authority,South,emergency corridor to South,2,closed,TR-1,19,19,20,1,0
43,TRAFFIC,action,Traffic authority,Central,"signal timing +12s, reroute in Central",3,closed,TR-2,19,19,20,1,0
44,ENERGY,action,Facilities / energy desk,North,energy-saving in North (~79.7 kWh),3,closed,EN-1,19,19,21,2,0
45,TRAFFIC,action,Traffic authority,North,"signal timing +12s, reroute in North",3,closed,TR-1,20,20,21,1,0
46,WASTE,work_order,Waste-collection team,route,collect: South -> East,4,closed,WS-1,20,20,22,2,0
47,ENERGY,action,Facilities / energy desk,South,energy-saving in South (~76.7 kWh),3,closed,EN-1,20,21,23,2,0
48,TRAFFIC,incident,Traffic authority,South,clear accident in South,2,closed,TR-1,21,21,23,2,0
49,EMERGENCY,incident,Emergency responders,South,accident in South -> Police,1,closed,EM-1,21,21,23,2,0
50,TRAFFIC,incident,Traffic authority,East,clear accident in East,2,closed,TR-2,22,22,24,2,0
51,ENERGY,action,Facilities / energy desk,Central,energy-saving in Central (~68.9 kWh),3,active,EN-1,22,23,,2,0
52,EMERGENCY,incident,Emergency responders,East,accident in East -> Police,1,active,EM-1,22,23,,2,0
53,EMERGENCY,incident,Emergency responders,West,fire in West -> Fire service,1,queued,,22,,,2,0
54,EMERGENCY,incident,Emergency responders,North,smoke reported in North -> Fire service,3,queued,,22,,,2,0
55,TRAFFIC,action,Traffic authority,West,emergency corridor to West,2,closed,TR-1,23,23,24,1,0
56,TRAFFIC,action,Traffic authority,North,emergency corridor to North,2,active,TR-1,23,24,,1,0
57,TRAFFIC,action,Traffic authority,West,"signal timing +12s, reroute in West",3,active,TR-2,23,24,,1,0
58,ENERGY,action,Facilities / energy desk,North,energy-saving in North (~74.1 kWh),3,queued,,23,,,2,0
59,EMERGENCY,incident,Emergency responders,South,fire in South -> Fire service,1,queued,,24,,,2,0
60,EMERGENCY,incident,Emergency responders,Central,smoke reported in Central -> Fire service,3,queued,,24,,,2,0
